2026-03-04 19:26:40.448240,angry
2026-03-04 19:26:40.768385,neutral
2026-03-04 19:26:40.977945,neutral
2026-03-04 19:26:41.125105,neutral
2026-03-04 19:26:41.291403,neutral
2026-03-04 19:26:41.455179,neutral
2026-03-04 19:26:41.622276,neutral
2026-03-04 19:26:41.796656,neutral
2026-03-04 19:26:41.976665,neutral
2026-03-04 19:26:42.132498,neutral
2026-03-04 19:26:42.308398,neutral
2026-03-04 19:26:42.459190,neutral
2026-03-04 19:26:42.635927,neutral
2026-03-04 19:26:42.805551,neutral
2026-03-04 19:26:42.967613,neutral
2026-03-04 19:26:43.141098,neutral
2026-03-04 19:26:43.302456,neutral
2026-03-04 19:26:43.472856,neutral
2026-03-04 19:26:43.633246,neutral
2026-03-04 19:26:43.806158,neutral
2026-03-04 19:26:43.966342,neutral
2026-03-04 19:26:44.139170,neutral
2026-03-04 19:26:44.298912,neutral
2026-03-04 19:26:44.462013,neutral
2026-03-04 19:26:44.634647,neutral
2026-03-04 19:26:44.788705,neutral
2026-03-04 19:26:44.971091,sad-face
2026-03-04 19:26:45.102239,neutral
2026-03-04 19:26:45.251555,sad-face
2026-03-04 19:26:45.372351,sad-face
2026-03-04 19:26:45.512582,neutral
2026-03-04 19:26:45.644742,sad-face
2026-03-04 19:26:45.775963,sad-face
2026-03-04 19:26:45.905591,neutral
2026-03-04 19:26:46.045037,sad-face
2026-03-04 19:26:46.179614,sad-face
2026-03-04 19:26:46.309674,sad-face
2026-03-04 19:26:46.441140,sad-face
2026-03-04 19:26:46.573269,sad-face
2026-03-04 19:26:46.708392,sad-face
2026-03-04 19:26:46.843977,neutral
2026-03-04 19:26:46.971163,sad-face
2026-03-04 19:26:47.105777,sad-face
2026-03-04 19:26:47.238340,neutral
2026-03-04 19:26:47.370119,neutral
2026-03-04 19:26:47.512547,neutral
2026-03-04 19:26:47.633122,angry
2026-03-04 19:26:47.776259,angry
2026-03-04 19:26:47.906290,angry
2026-03-04 19:26:48.042834,angry
2026-03-04 19:26:48.170714,angry
2026-03-04 19:26:48.311961,angry
2026-03-04 19:26:48.437582,angry
2026-03-04 19:26:48.572672,angry
2026-03-04 19:26:48.707812,angry
2026-03-04 19:26:48.838193,angry
2026-03-04 19:26:48.973748,angry
2026-03-04 19:26:49.102747,neutral
2026-03-04 19:26:49.244205,neutral
2026-03-04 19:26:49.368573,neutral
2026-03-04 19:26:49.507273,happy
2026-03-04 19:26:49.639984,neutral
2026-03-04 19:26:49.768732,neutral
2026-03-04 19:26:49.909521,neutral
2026-03-04 19:26:50.030634,neutral
2026-03-04 19:26:50.183922,neutral
2026-03-04 19:26:50.299639,neutral
2026-03-04 19:26:50.440772,neutral
2026-03-04 19:26:50.569301,neutral
2026-03-04 19:26:50.713479,neutral
2026-03-04 19:26:50.836418,neutral
2026-03-04 19:26:50.980307,sad-face
2026-03-04 19:26:51.105204,neutral
2026-03-04 19:26:51.245067,neutral
2026-03-04 19:26:51.374711,sad-face
2026-03-04 19:26:51.509279,sad-face
2026-03-04 19:26:51.648356,neutral
2026-03-04 19:26:51.783072,neutral
2026-03-04 19:26:51.903060,neutral
2026-03-04 19:26:52.041722,neutral
2026-03-04 19:26:52.175337,happy
2026-03-04 19:26:52.309631,neutral
2026-03-04 19:26:52.444456,neutral
2026-03-04 19:26:52.574597,neutral
2026-03-04 19:26:52.709936,neutral
2026-03-04 19:26:52.847016,neutral
2026-03-04 19:26:52.974063,neutral
2026-03-04 19:26:53.113232,neutral
2026-03-04 19:26:53.245478,neutral
2026-03-04 19:26:53.379975,happy
2026-03-04 19:26:53.510142,neutral
2026-03-04 19:26:53.640637,neutral
2026-03-04 19:26:53.778115,neutral
2026-03-04 19:26:53.910926,sad-face
2026-03-04 19:26:54.041964,neutral
2026-03-04 19:26:54.179803,angry
2026-03-04 19:26:54.307635,neutral
2026-03-04 19:26:54.443536,neutral
2026-03-04 19:26:54.576127,angry
2026-03-04 19:26:54.710837,angry
2026-03-04 19:26:54.843300,angry
2026-03-04 19:26:54.976617,sad-face
2026-03-04 19:26:55.110865,sad-face
2026-03-04 19:26:55.246694,sad-face
2026-03-04 19:26:55.366575,neutral
2026-03-04 19:26:55.519817,sad-face
2026-03-04 19:26:55.639166,sad-face
2026-03-04 19:26:55.784592,sad-face
2026-03-04 19:26:55.905280,happy
2026-03-04 19:26:56.040901,neutral
2026-03-04 19:26:56.175551,sad-face
2026-03-04 19:26:56.312166,sad-face
2026-03-04 19:26:56.443398,sad-face
2026-03-04 19:26:56.574999,sad-face
2026-03-04 19:26:56.713241,neutral
2026-03-04 19:26:56.847000,happy
2026-03-04 19:26:56.972875,happy
2026-03-04 19:26:57.111858,neutral
2026-03-04 19:26:57.236642,happy
2026-03-04 19:26:57.381645,neutral
2026-03-04 19:26:57.504397,neutral
2026-03-04 19:26:57.643559,neutral
2026-03-04 19:26:57.772336,neutral
2026-03-04 19:26:57.911544,neutral
2026-03-04 19:26:58.040388,neutral
2026-03-04 19:26:58.178611,neutral
2026-03-04 19:26:58.307395,neutral
2026-03-04 19:26:58.447460,neutral
2026-03-04 19:26:58.569174,neutral
2026-03-04 19:26:58.715199,neutral
2026-03-04 19:26:58.838134,happy
2026-03-04 19:26:58.982338,neutral
2026-03-04 19:26:59.106724,happy
2026-03-04 19:26:59.243939,happy
2026-03-04 19:26:59.375338,neutral
2026-03-04 19:26:59.507953,neutral
2026-03-04 19:26:59.638225,angry
2026-03-04 19:26:59.780168,neutral
2026-03-04 19:26:59.909635,sad-face
2026-03-04 19:27:00.044794,neutral
2026-03-04 19:27:00.182442,neutral
2026-03-04 19:27:00.317467,angry
2026-03-04 19:27:00.448802,happy
2026-03-04 19:27:00.583880,neutral
2026-03-04 19:27:00.715831,neutral
2026-03-04 19:27:00.845427,sad-face
2026-03-04 19:27:00.979778,neutral
2026-03-04 19:27:01.113941,neutral
2026-03-04 19:27:01.249620,neutral
2026-03-04 19:27:01.381887,neutral
2026-03-04 19:27:01.515439,neutral
2026-03-04 19:27:01.647304,neutral
2026-03-04 19:27:01.776897,neutral
2026-03-04 19:27:01.913221,neutral
2026-03-04 19:27:02.055294,neutral
2026-03-04 19:27:02.230036,neutral
2026-03-04 19:27:02.397751,neutral
2026-03-04 19:27:02.556957,neutral
2026-03-04 19:27:02.728573,neutral
2026-03-04 19:27:02.906326,neutral
2026-03-04 19:27:03.046989,happy
2026-03-04 19:27:03.179379,neutral
2026-03-04 19:27:03.311458,neutral
2026-03-04 19:27:03.448517,neutral
2026-03-04 19:27:03.568049,neutral
2026-03-04 19:27:03.718204,neutral
2026-03-04 19:27:03.844292,happy
2026-03-04 19:27:03.973313,neutral
2026-03-04 19:27:04.109974,neutral
2026-03-04 19:27:04.239950,neutral
2026-03-04 19:27:04.377396,neutral
2026-03-04 19:27:04.509934,neutral
2026-03-04 19:27:04.645237,neutral
2026-03-04 19:27:04.774624,neutral
2026-03-04 19:27:04.913210,neutral
2026-03-04 19:27:05.038758,neutral
2026-03-04 19:27:05.181461,neutral
2026-03-04 19:27:05.306779,neutral
2026-03-04 19:27:05.445359,neutral
2026-03-04 19:27:05.575510,neutral
2026-03-04 19:27:05.710534,neutral
2026-03-04 19:27:05.842968,neutral
2026-03-04 19:27:05.977543,happy
2026-03-04 19:27:06.108528,happy
2026-03-04 19:27:06.244196,happy
2026-03-04 19:27:06.376693,happy
2026-03-04 19:27:06.513084,happy
2026-03-04 19:27:06.642142,happy
2026-03-04 19:27:06.779470,happy
2026-03-04 19:27:06.912094,happy
2026-03-04 19:27:07.049809,happy
2026-03-04 19:27:07.173424,happy
2026-03-04 19:27:07.308824,happy
2026-03-04 19:27:07.446095,happy
2026-03-04 19:27:07.576069,happy
2026-03-04 19:27:07.712150,happy
2026-03-04 19:27:07.841223,happy
2026-03-04 19:27:07.976151,neutral
2026-03-04 19:27:08.105847,neutral
2026-03-04 19:27:08.246291,neutral
2026-03-04 19:27:08.375095,happy
2026-03-04 19:27:08.510223,happy
2026-03-04 19:27:08.643624,happy
2026-03-04 19:27:08.776874,happy
2026-03-04 19:27:08.913213,happy
2026-03-04 19:27:09.041482,happy
2026-03-04 19:27:09.176335,happy
2026-03-04 19:27:09.310301,angry
2026-03-04 19:27:09.448683,neutral
2026-03-04 19:27:09.577268,neutral
2026-03-04 19:27:09.718629,neutral
2026-03-04 19:27:09.850522,neutral
2026-03-04 19:27:09.977185,neutral
2026-03-04 19:27:10.109774,neutral
2026-03-04 19:27:10.243383,angry
2026-03-04 19:27:10.375114,neutral
2026-03-04 19:27:10.509786,neutral
2026-03-04 19:27:10.644197,neutral
2026-03-04 19:27:10.779141,neutral
2026-03-04 19:27:10.910401,neutral
2026-03-04 19:27:11.046313,neutral
2026-03-04 19:27:11.176994,neutral
2026-03-04 19:27:11.312513,neutral
2026-03-04 19:27:11.443111,neutral
2026-03-04 19:27:11.581419,neutral
2026-03-04 19:27:11.712141,neutral
2026-03-04 19:27:11.844920,neutral
2026-03-04 19:27:11.975650,neutral
2026-03-04 19:27:12.112191,neutral
2026-03-04 19:27:12.244608,neutral
2026-03-04 19:27:12.382751,neutral
2026-03-04 19:27:12.512505,neutral
2026-03-04 19:27:12.645600,neutral
2026-03-04 19:27:12.777771,angry
2026-03-04 19:27:12.910154,sad-face
2026-03-04 19:27:13.043636,neutral
2026-03-04 19:27:13.178047,angry
2026-03-04 19:27:13.310691,angry
2026-03-04 19:27:13.440294,angry
2026-03-04 19:27:13.581829,neutral
2026-03-04 19:27:13.708300,neutral
2026-03-04 19:27:13.858812,neutral
2026-03-04 19:27:14.016784,neutral
2026-03-04 19:27:14.141384,neutral
2026-03-04 19:27:14.282166,neutral
2026-03-04 19:27:14.408425,neutral
2026-03-04 19:27:14.546201,neutral
2026-03-04 19:27:14.677550,neutral
2026-03-04 19:27:14.809913,happy
2026-03-04 19:27:14.945134,happy
2026-03-04 19:27:15.075306,neutral
2026-03-04 19:27:15.212419,neutral
2026-03-04 19:27:15.343079,neutral
2026-03-04 19:27:15.482439,neutral
2026-03-04 19:27:15.608733,neutral
2026-03-04 19:27:15.748109,neutral
2026-03-04 19:27:15.872936,neutral
2026-03-04 19:27:16.012660,neutral
2026-03-04 19:27:16.142505,happy
2026-03-04 19:27:16.279963,neutral
2026-03-04 19:27:16.410752,neutral
2026-03-04 19:27:16.545707,neutral
2026-03-04 19:27:16.683964,neutral
2026-03-04 19:27:16.813149,neutral
2026-03-04 19:27:16.949052,neutral
2026-03-04 19:27:17.087164,neutral
2026-03-04 19:27:17.212565,neutral
2026-03-04 19:27:17.347846,neutral
2026-03-04 19:27:17.486985,neutral
2026-03-04 19:27:17.610569,neutral
2026-03-04 19:27:17.747555,neutral
2026-03-04 19:27:17.875193,sad-face
2026-03-04 19:27:18.011178,neutral
2026-03-04 19:27:18.146857,neutral
2026-03-04 19:27:18.275082,neutral
2026-03-04 19:27:18.414783,sad-face
2026-03-04 19:27:18.541380,happy
2026-03-04 19:27:18.690842,happy
2026-03-04 19:27:18.859755,happy
2026-03-04 19:27:19.029341,happy
2026-03-04 19:27:19.194766,happy
2026-03-04 19:27:19.358777,happy
2026-03-04 19:27:19.525434,angry
2026-03-04 19:27:19.689552,angry
2026-03-04 19:27:19.812250,angry
2026-03-04 19:27:19.948456,angry
2026-03-04 19:27:20.079406,angry
2026-03-04 19:27:20.212492,angry
2026-03-04 19:27:20.345250,angry
2026-03-04 19:27:20.478047,angry
2026-03-04 19:27:20.612622,neutral
2026-03-04 19:27:20.742233,neutral
2026-03-04 19:27:20.883438,neutral
2026-03-04 19:27:21.016301,neutral
2026-03-04 19:27:21.148994,neutral
2026-03-04 19:27:21.281196,neutral
2026-03-04 19:27:21.413282,neutral
2026-03-04 19:27:21.548897,neutral
2026-03-04 19:27:21.677810,neutral
2026-03-04 19:27:21.810645,neutral
2026-03-04 19:27:21.945309,neutral
2026-03-04 19:27:22.081566,neutral
2026-03-04 19:27:22.215741,neutral
2026-03-04 19:27:22.352420,neutral
2026-03-04 19:27:22.482102,neutral
2026-03-04 19:27:22.614604,neutral
2026-03-04 19:27:22.745223,neutral
2026-03-04 19:27:22.877341,neutral
2026-03-04 19:27:23.013410,neutral
2026-03-04 19:27:23.145207,neutral
2026-03-04 19:27:23.279196,neutral
2026-03-04 19:27:23.412338,neutral
2026-03-04 19:27:23.543388,neutral
2026-03-04 19:27:23.682746,neutral
2026-03-04 19:27:23.812371,neutral
2026-03-04 19:27:23.950921,neutral
2026-03-04 19:27:24.074244,neutral
2026-03-04 19:27:24.216833,neutral
2026-03-04 19:27:24.339603,neutral
2026-03-04 19:27:24.476959,neutral
2026-03-04 19:27:24.615732,neutral
2026-03-04 19:27:24.747849,neutral
2026-03-04 19:27:24.883499,neutral
2026-03-04 19:27:25.014903,neutral
2026-03-04 19:27:25.145517,neutral
2026-03-04 19:27:25.279839,neutral
2026-03-04 19:27:25.411879,neutral
2026-03-04 19:27:25.548230,neutral
2026-03-04 19:27:25.680320,neutral
2026-03-04 19:27:25.812840,neutral
2026-03-04 19:27:25.945370,neutral
2026-03-04 19:27:26.077448,sad-face
2026-03-04 19:27:26.216105,angry
2026-03-04 19:27:26.351081,sad-face
2026-03-04 19:27:26.474571,angry
2026-03-04 19:27:26.623210,sad-face
2026-03-04 19:27:26.787442,neutral
2026-03-04 19:27:26.911041,sad-face
2026-03-04 19:27:27.051432,sad-face
2026-03-04 19:27:27.183629,neutral
2026-03-04 19:27:27.322138,neutral
2026-03-04 19:27:27.446376,angry
2026-03-04 19:27:27.580177,angry
2026-03-04 19:27:27.711901,angry
2026-03-04 19:27:27.850620,neutral
2026-03-04 19:27:27.978482,neutral
2026-03-04 19:27:28.113757,neutral
2026-03-04 19:27:28.247311,neutral
2026-03-04 19:27:28.381829,neutral
2026-03-04 19:27:28.513139,neutral
2026-03-04 19:27:28.646092,neutral
2026-03-04 19:27:28.779151,neutral
2026-03-04 19:27:28.916789,sad-face
2026-03-04 19:27:29.049516,angry
2026-03-04 19:27:29.183002,angry
2026-03-04 19:27:29.314579,angry
2026-03-04 19:27:29.444895,angry
2026-03-04 19:27:29.582232,angry
2026-03-04 19:27:29.713436,sad-face
2026-03-04 19:27:29.845859,sad-face
2026-03-04 19:27:29.981956,neutral
2026-03-04 19:27:30.119066,neutral
2026-03-04 19:27:30.246528,angry
2026-03-04 19:27:30.382932,sad-face
2026-03-04 19:27:30.514540,angry
2026-03-04 19:27:30.645333,angry
2026-03-04 19:27:30.782009,angry
2026-03-04 19:27:30.910576,angry
2026-03-04 19:27:31.049788,angry
2026-03-04 19:27:31.180462,angry
2026-03-04 19:27:31.314429,angry
2026-03-04 19:27:31.448964,angry
2026-03-04 19:27:31.582831,angry
2026-03-04 19:27:31.712888,angry
2026-03-04 19:27:31.847899,angry
2026-03-04 19:27:31.982692,angry
2026-03-04 19:27:32.112781,angry
2026-03-04 19:27:32.249234,neutral
2026-03-04 19:27:32.378309,neutral
2026-03-04 19:27:32.512594,neutral
2026-03-04 19:27:32.654609,neutral
2026-03-04 19:27:32.779254,neutral
2026-03-04 19:27:32.913857,neutral
2026-03-04 19:27:33.039460,sad-face
2026-03-04 19:27:33.195489,neutral
2026-03-04 19:27:33.370406,neutral
2026-03-04 19:27:33.527260,neutral
2026-03-04 19:27:33.684660,neutral
2026-03-04 19:27:33.816296,neutral
2026-03-04 19:27:33.944205,neutral
2026-03-04 19:27:34.082994,neutral
2026-03-04 19:27:34.211107,neutral
2026-03-04 19:27:34.348202,neutral
2026-03-04 19:27:34.479798,neutral
2026-03-04 19:27:34.614985,neutral
2026-03-04 19:27:34.746247,neutral
2026-03-04 19:27:34.882032,neutral
2026-03-04 19:27:35.015838,neutral
2026-03-04 19:27:35.146536,neutral
2026-03-04 19:27:35.279334,neutral
2026-03-04 19:27:35.412887,neutral
2026-03-04 19:27:35.549890,neutral
2026-03-04 19:27:35.680044,neutral
2026-03-04 19:27:35.818527,neutral
2026-03-04 19:27:35.945070,neutral
2026-03-04 19:27:36.085034,neutral
2026-03-04 19:27:36.220401,neutral
2026-03-04 19:27:36.366438,happy
2026-03-04 19:27:36.529548,neutral
2026-03-04 19:27:36.698120,neutral
2026-03-04 19:27:36.863973,neutral
2026-03-04 19:27:37.023857,neutral
2026-03-04 19:27:37.147328,neutral
2026-03-04 19:27:37.280183,neutral
2026-03-04 19:27:37.413475,neutral
2026-03-04 19:27:37.555818,neutral
2026-03-04 19:27:37.681388,neutral
2026-03-04 19:27:37.819766,neutral
2026-03-04 19:27:37.946338,neutral
2026-03-04 19:27:38.094034,neutral
2026-03-04 19:27:38.263463,neutral
2026-03-04 19:27:38.442563,happy
2026-03-04 19:27:38.593664,neutral
2026-03-04 19:27:38.760412,neutral
2026-03-04 19:27:38.915871,neutral
2026-03-04 19:27:39.043150,neutral
2026-03-04 19:27:39.185338,neutral
2026-03-04 19:27:39.316787,neutral
2026-03-04 19:27:39.448468,neutral
2026-03-04 19:27:39.597961,neutral
2026-03-04 19:27:39.762524,neutral
2026-03-04 19:27:39.935185,neutral
2026-03-04 19:27:40.099313,neutral
2026-03-04 19:27:40.262258,neutral
2026-03-04 19:27:40.427050,sad-face
2026-03-04 19:27:40.593287,happy
2026-03-04 19:27:40.759501,neutral
2026-03-04 19:27:40.927429,neutral
2026-03-04 19:27:41.094942,neutral
2026-03-04 19:27:41.261649,neutral
2026-03-04 19:27:41.431537,neutral
2026-03-04 19:27:41.595375,sad-face
2026-03-04 19:27:41.761163,neutral
2026-03-04 19:27:41.930756,neutral
2026-03-04 19:27:42.100301,neutral
2026-03-04 19:27:42.269453,neutral
2026-03-04 19:27:42.430853,neutral
2026-03-04 19:27:42.607123,neutral
2026-03-04 19:27:42.765256,neutral
2026-03-04 19:27:42.928376,neutral
2026-03-04 19:27:43.100256,neutral
2026-03-04 19:27:43.260434,neutral
2026-03-04 19:27:43.427709,happy
2026-03-04 19:27:43.601490,happy
2026-03-04 19:27:43.747372,happy
2026-03-04 19:27:43.881492,neutral
2026-03-04 19:27:45.253203,happy
2026-03-04 22:28:48.094824,sad-face
2026-03-04 22:28:48.428009,neutral
2026-03-04 22:28:48.636456,neutral
2026-03-04 22:28:48.793585,neutral
2026-03-04 22:28:48.968640,neutral
2026-03-04 22:28:49.131389,neutral
2026-03-04 22:28:49.302967,neutral
2026-03-04 22:28:49.473841,neutral
2026-03-04 22:28:49.642300,neutral
2026-03-04 22:28:49.808834,neutral
2026-03-04 22:28:49.972778,neutral
2026-03-04 22:28:50.146220,neutral
2026-03-04 22:28:50.310937,neutral
2026-03-04 22:28:50.473139,neutral
2026-03-04 22:28:50.646557,happy
2026-03-04 22:28:50.805929,happy
2026-03-04 22:28:50.976006,happy
2026-03-04 22:28:51.136552,happy
2026-03-04 22:28:51.310911,happy
2026-03-04 22:28:51.476161,happy
2026-03-04 22:28:51.644312,happy
2026-03-04 22:28:51.807492,happy
2026-03-04 22:28:51.978038,happy
2026-03-04 22:28:52.135183,happy
2026-03-04 22:28:52.311393,happy
2026-03-04 22:28:52.466719,happy
2026-03-04 22:28:52.633331,happy
2026-03-04 22:28:52.816199,happy
2026-03-04 22:28:52.962683,happy
2026-03-04 22:28:53.141530,happy
2026-03-04 22:28:53.309420,happy
2026-03-04 22:28:53.481292,happy
2026-03-04 22:28:53.635078,happy
2026-03-04 22:28:53.807900,happy
2026-03-04 22:28:53.979416,happy
2026-03-04 22:28:54.134857,happy
2026-03-04 22:28:54.306937,happy
2026-03-04 22:28:54.465758,happy
2026-03-04 22:28:54.631169,happy
2026-03-04 22:28:54.807711,happy
2026-03-04 22:28:54.965185,happy
2026-03-04 22:28:55.146077,happy
2026-03-04 22:28:55.302088,sad-face
2026-03-04 22:28:55.470185,happy
2026-03-04 22:28:55.642501,happy
2026-03-04 22:28:55.803907,happy
2026-03-04 22:28:55.974948,happy
2026-03-04 22:28:56.131309,happy
2026-03-04 22:28:56.311605,happy
2026-03-04 22:28:56.475799,happy
2026-03-04 22:28:56.639588,happy
2026-03-04 22:28:56.808109,neutral
2026-03-04 22:28:56.973149,neutral
2026-03-04 22:28:57.138824,neutral
2026-03-04 22:28:57.301875,neutral
2026-03-04 22:28:57.475020,neutral
2026-03-04 22:28:57.644684,neutral
2026-03-04 22:28:57.820918,neutral
2026-03-04 22:28:57.962707,neutral
2026-03-04 22:28:58.142169,happy
2026-03-04 22:28:58.308111,happy
2026-03-04 22:28:58.482906,neutral
2026-03-04 22:28:58.633782,happy
2026-03-04 22:28:58.811660,happy
2026-03-04 22:28:58.971307,neutral
2026-03-04 22:28:59.144877,happy
2026-03-04 22:28:59.306772,neutral
2026-03-04 22:28:59.478355,happy
2026-03-04 22:28:59.642296,happy
2026-03-04 22:28:59.814022,neutral
2026-03-04 22:28:59.970236,neutral
2026-03-04 22:29:00.146218,neutral
2026-03-04 22:29:00.305272,neutral
2026-03-04 22:29:00.472016,neutral
2026-03-04 22:29:00.642445,neutral
2026-03-04 22:29:00.815592,neutral
2026-03-04 22:29:00.974959,neutral
2026-03-04 22:29:01.143894,neutral
2026-03-04 22:29:01.308168,neutral
2026-03-04 22:29:01.477960,neutral
2026-03-04 22:29:01.636028,neutral
2026-03-04 22:29:01.808354,neutral
2026-03-04 22:29:01.979129,neutral
2026-03-04 22:29:02.133147,neutral
2026-03-04 22:29:02.312013,neutral
2026-03-04 22:29:02.467172,neutral
2026-03-04 22:29:02.647405,neutral
2026-03-04 22:29:02.807809,neutral
2026-03-04 22:29:02.980128,neutral
2026-03-04 22:29:03.137657,neutral
2026-03-04 22:29:03.319196,neutral
2026-03-04 22:29:03.470402,neutral
2026-03-04 22:29:03.643990,neutral
2026-03-04 22:29:03.801701,neutral
2026-03-04 22:29:03.978820,happy
2026-03-04 22:29:04.135570,neutral
2026-03-04 22:29:04.312889,neutral
2026-03-04 22:29:04.472103,neutral
2026-03-04 22:29:04.657572,neutral
2026-03-04 22:29:04.803767,neutral
2026-03-04 22:29:04.971551,neutral
2026-03-04 22:29:05.141141,neutral
2026-03-04 22:29:05.310040,neutral
2026-03-04 22:29:05.474877,neutral
2026-03-04 22:29:05.639473,neutral
2026-03-04 22:29:05.804400,neutral
2026-03-04 22:29:05.970911,neutral
2026-03-04 22:29:06.143882,neutral
2026-03-04 22:29:06.302804,neutral
2026-03-04 22:29:06.473148,neutral
2026-03-04 22:29:06.636721,happy
2026-03-04 22:29:06.805451,neutral
2026-03-04 22:29:06.980462,happy
2026-03-04 22:29:07.134385,neutral
2026-03-04 22:29:07.309111,neutral
2026-03-04 22:29:07.474121,neutral
2026-03-04 22:29:07.653528,neutral
2026-03-04 22:29:07.806720,neutral
2026-03-04 22:29:07.974923,neutral
2026-03-04 22:29:08.150014,happy
2026-03-04 22:29:08.299024,happy
2026-03-04 22:29:08.473540,neutral
2026-03-04 22:29:08.639432,neutral
2026-03-04 22:29:08.809351,happy
2026-03-04 22:29:08.977481,happy
2026-03-04 22:29:09.146163,neutral
2026-03-04 22:29:09.304629,happy
2026-03-04 22:29:09.469077,happy
2026-03-04 22:29:09.640597,neutral
2026-03-04 22:29:09.809109,happy
2026-03-04 22:29:09.975497,happy
2026-03-04 22:29:10.144787,happy
2026-03-04 22:29:10.319696,happy
2026-03-04 22:29:10.474863,happy
2026-03-04 22:29:10.645456,happy
2026-03-04 22:29:10.801344,happy
2026-03-04 22:29:10.979089,neutral
2026-03-04 22:29:11.145458,neutral
2026-03-04 22:29:11.313184,happy
2026-03-04 22:29:11.472136,happy
2026-03-04 22:29:11.635955,happy
2026-03-04 22:29:11.803887,happy
2026-03-04 22:29:11.966703,neutral
2026-03-04 22:29:12.135887,sad-face
2026-03-04 22:29:12.316415,neutral
2026-03-04 22:29:12.470297,neutral
2026-03-04 22:29:12.651530,neutral
2026-03-04 22:29:12.810594,neutral
2026-03-04 22:29:12.983444,happy
2026-03-04 22:29:13.142729,neutral
2026-03-04 22:29:13.318228,neutral
2026-03-04 22:29:13.478213,happy
2026-03-04 22:29:13.635992,happy
2026-03-04 22:29:13.811915,happy
2026-03-04 22:29:13.975683,neutral
2026-03-04 22:29:14.135798,neutral
2026-03-04 22:29:14.311463,neutral
2026-03-04 22:29:14.469400,happy
2026-03-04 22:29:14.656462,happy
2026-03-04 22:29:14.811142,neutral
2026-03-04 22:29:14.970230,happy
2026-03-04 22:29:15.148213,neutral
2026-03-04 22:29:15.310848,happy
2026-03-04 22:29:15.486341,neutral
2026-03-04 22:29:15.643406,neutral
2026-03-04 22:29:15.817318,neutral
2026-03-04 22:29:15.974451,neutral
2026-03-04 22:29:16.144504,neutral
2026-03-04 22:29:16.321191,neutral
2026-03-04 22:29:16.473103,neutral
2026-03-04 22:29:16.651951,neutral
2026-03-04 22:29:16.802019,happy
2026-03-04 22:29:16.981891,neutral
2026-03-04 22:29:17.128589,neutral
2026-03-04 22:29:17.309699,neutral
2026-03-04 22:29:17.471732,happy
2026-03-04 22:29:17.639585,happy
2026-03-04 22:29:17.806964,neutral
2026-03-04 22:29:17.976083,happy
2026-03-04 22:29:18.140010,happy
2026-03-04 22:29:18.306135,happy
2026-03-04 22:29:18.469473,neutral
2026-03-04 22:29:18.646513,neutral
2026-03-04 22:29:18.798140,neutral
2026-03-04 22:29:18.973961,neutral
2026-03-04 22:29:19.137875,neutral
2026-03-04 22:29:19.308699,neutral
2026-03-04 22:29:19.471512,angry
2026-03-04 22:29:19.648378,happy
2026-03-04 22:29:19.805360,happy
2026-03-04 22:29:19.978349,happy
2026-03-04 22:29:20.139681,happy
2026-03-04 22:29:20.306604,neutral
2026-03-04 22:29:20.473509,neutral
2026-03-04 22:29:20.628607,neutral
2026-03-04 22:29:20.794059,neutral
2026-03-04 22:29:20.920769,neutral
2026-03-04 22:29:21.054835,happy
2026-03-04 22:29:21.187575,neutral
2026-03-04 22:29:21.314320,happy
2026-03-04 22:29:21.442671,neutral
2026-03-04 22:29:21.607549,angry
2026-03-04 22:29:21.759382,happy
2026-03-04 22:29:21.886611,neutral
2026-03-04 22:29:22.016206,happy
2026-03-04 22:29:22.154126,happy
2026-03-04 22:29:22.283331,happy
2026-03-04 22:29:22.416468,happy
2026-03-04 22:29:22.545823,happy
2026-03-04 22:29:22.685866,happy
2026-03-04 22:29:22.814036,happy
2026-03-04 22:29:22.946584,happy
2026-03-04 22:29:23.080526,happy
2026-03-04 22:29:23.213639,happy
2026-03-04 22:29:23.365764,happy
2026-03-04 22:29:23.524737,happy
2026-03-04 22:29:23.647817,happy
2026-03-04 22:29:23.777875,happy
2026-03-04 22:29:23.919485,happy
2026-03-04 22:29:24.044206,happy
2026-03-04 22:29:24.182736,happy
2026-03-04 22:29:24.315376,sad-face
2026-03-04 22:29:24.446205,sad-face
2026-03-04 22:29:24.579048,happy
2026-03-04 22:29:24.714867,happy
2026-03-04 22:29:24.849953,happy
2026-03-04 22:29:24.982395,happy
2026-03-04 22:29:25.113243,happy
2026-03-04 22:29:25.254907,happy
2026-03-04 22:29:25.383344,happy
2026-03-04 22:29:25.519979,happy
2026-03-04 22:29:25.664448,happy
2026-03-04 22:29:25.822362,happy
2026-03-04 22:29:25.949839,happy
2026-03-04 22:29:26.088272,happy
2026-03-04 22:29:26.214730,happy
2026-03-04 22:29:26.359600,happy
2026-03-04 22:29:26.486652,happy
2026-03-04 22:29:26.620493,happy
2026-03-04 22:29:26.754320,happy
2026-03-04 22:29:26.885459,happy
2026-03-04 22:29:27.016070,happy
2026-03-04 22:29:27.153802,happy
2026-03-04 22:29:27.283642,happy
2026-03-04 22:29:27.422349,happy
2026-03-04 22:29:27.550142,happy
2026-03-04 22:29:27.686031,happy
2026-03-04 22:29:27.818569,happy
2026-03-04 22:29:27.954431,happy
2026-03-04 22:29:28.081935,happy
2026-03-04 22:29:28.215610,sad-face
2026-03-04 22:29:28.347380,happy
2026-03-04 22:29:28.490393,neutral
2026-03-04 22:29:28.618146,neutral
2026-03-04 22:29:28.752834,sad-face
2026-03-04 22:29:28.882651,neutral
2026-03-04 22:29:29.018554,happy
2026-03-04 22:29:29.161999,neutral
2026-03-04 22:29:29.335992,happy
2026-03-04 22:29:29.501176,happy
2026-03-04 22:29:29.669497,happy
2026-03-04 22:29:29.830519,sad-face
2026-03-04 22:29:29.998218,happy
2026-03-04 22:29:30.164331,neutral
2026-03-04 22:29:30.324483,neutral
2026-03-04 22:29:30.447994,neutral
2026-03-04 22:29:30.588367,happy
2026-03-04 22:29:30.718176,happy
2026-03-04 22:29:30.852248,happy
2026-03-04 22:29:30.984430,happy
2026-03-04 22:29:31.119468,happy
2026-03-04 22:29:31.251279,sad-face
2026-03-04 22:29:31.387342,sad-face
2026-03-04 22:29:31.516074,neutral
2026-03-04 22:29:31.659267,neutral
2026-03-04 22:29:31.791285,neutral
2026-03-04 22:29:31.916162,neutral
2026-03-04 22:29:32.052345,happy
2026-03-04 22:29:32.182969,happy
2026-03-04 22:29:32.313176,happy
2026-03-04 22:29:32.459796,angry
2026-03-04 22:29:32.626212,happy
2026-03-04 22:29:32.788849,happy
2026-03-04 22:29:32.920920,happy
2026-03-04 22:29:33.050214,happy
2026-03-04 22:29:33.182030,neutral
2026-03-04 22:29:33.312850,neutral
2026-03-04 22:29:33.450770,happy
2026-03-04 22:29:33.582495,happy
2026-03-04 22:29:33.725698,happy
2026-03-04 22:29:33.848985,happy
2026-03-04 22:29:33.988367,happy
2026-03-04 22:29:34.117672,happy
2026-03-04 22:29:34.249559,happy
2026-03-04 22:29:34.384268,happy
2026-03-04 22:29:34.517346,happy
2026-03-04 22:29:34.647422,sad-face
2026-03-04 22:29:34.789698,happy
2026-03-04 22:29:34.917763,sad-face
2026-03-04 22:29:35.057832,sad-face
2026-03-04 22:29:35.179107,neutral
2026-03-04 22:29:35.337770,sad-face
2026-03-04 22:29:35.502846,happy
2026-03-04 22:29:35.664178,happy
2026-03-04 22:29:35.826946,happy
2026-03-04 22:29:35.945935,happy
2026-03-04 22:29:36.095580,happy
2026-03-04 22:29:36.255969,happy
2026-03-04 22:29:36.382569,happy
2026-03-04 22:29:36.529145,happy
2026-03-04 22:29:36.697511,happy
2026-03-04 22:29:36.867824,sad-face
2026-03-04 22:29:37.032864,happy
2026-03-04 22:29:37.199522,neutral
2026-03-04 22:29:37.364547,neutral
2026-03-04 22:29:37.528718,neutral
2026-03-04 22:29:37.649174,happy
2026-03-04 22:29:37.786164,happy
2026-03-04 22:29:37.919157,happy
2026-03-04 22:29:38.052484,happy
2026-03-04 22:29:38.186506,happy
2026-03-04 22:29:38.316128,happy
2026-03-04 22:29:38.451887,happy
2026-03-04 22:29:38.584264,neutral
2026-03-04 22:29:38.719822,happy
2026-03-04 22:29:38.853661,neutral
2026-03-04 22:29:38.987239,happy
2026-03-04 22:29:39.119001,happy
2026-03-04 22:29:39.250027,happy
2026-03-04 22:29:39.383672,happy
2026-03-04 22:29:39.519908,happy
2026-03-04 22:29:39.658171,happy
2026-03-04 22:29:39.790274,angry
2026-03-04 22:29:39.921666,neutral
2026-03-04 22:29:40.054796,neutral
2026-03-04 22:29:40.183864,neutral
2026-03-04 22:29:40.324490,neutral
2026-03-04 22:29:40.455993,neutral
2026-03-04 22:29:40.584783,sad-face
2026-03-04 22:29:40.715956,sad-face
2026-03-04 22:29:40.851337,happy
2026-03-04 22:29:40.986839,happy
2026-03-04 22:29:41.116471,sad-face
2026-03-04 22:29:41.283840,happy
2026-03-04 22:29:41.487433,happy
2026-03-04 22:29:41.746018,happy
2026-03-04 22:29:41.938168,neutral
2026-03-04 22:29:42.149667,happy
2026-03-04 22:29:42.346008,happy
2026-03-04 22:29:42.558420,happy
2026-03-04 22:29:42.742151,happy
2026-03-04 22:29:42.890059,happy
2026-03-04 22:29:43.028348,happy
2026-03-04 22:29:43.161298,happy
2026-03-04 22:29:43.324855,happy
2026-03-04 22:29:43.449142,happy
2026-03-04 22:29:43.591661,happy
2026-03-04 22:29:43.725710,happy
2026-03-04 22:29:43.856919,happy
2026-03-04 22:29:43.985439,happy
2026-03-04 22:29:44.117903,happy
2026-03-04 22:29:44.260536,happy
2026-03-04 22:29:44.392088,happy
2026-03-04 22:29:44.523201,happy
2026-03-04 22:29:44.656191,sad-face
2026-03-04 22:29:44.788638,sad-face
2026-03-04 22:29:44.920119,sad-face
2026-03-04 22:29:45.057474,sad-face
2026-03-04 22:29:45.183249,sad-face
2026-03-04 22:29:45.323283,happy
2026-03-04 22:29:45.452148,sad-face
2026-03-04 22:29:45.586824,happy
2026-03-04 22:29:45.716595,sad-face
2026-03-04 22:29:45.857708,happy
2026-03-04 22:29:45.987913,happy
2026-03-04 22:29:46.116516,happy
2026-03-04 22:29:46.255582,happy
2026-03-04 22:29:46.388655,happy
2026-03-04 22:29:46.520237,happy
2026-03-04 22:29:46.660677,happy
2026-03-04 22:29:46.785229,happy
2026-03-04 22:29:46.922851,happy
2026-03-04 22:29:47.055474,happy
2026-03-04 22:29:47.191016,neutral
2026-03-04 22:29:47.320351,happy
2026-03-04 22:29:47.465333,sad-face
2026-03-04 22:29:47.625111,neutral
2026-03-04 22:29:47.755881,sad-face
2026-03-04 22:29:47.883615,happy
2026-03-04 22:29:48.016539,sad-face
2026-03-04 22:29:48.149460,neutral
2026-03-04 22:29:48.296280,happy
2026-03-04 22:29:48.452567,happy
2026-03-04 22:29:48.583705,happy
2026-03-04 22:29:48.718324,happy
2026-03-04 22:29:48.850560,happy
2026-03-04 22:29:48.989039,happy
2026-03-04 22:29:49.116215,happy
2026-03-04 22:29:49.251062,neutral
2026-03-04 22:29:49.383708,neutral
2026-03-04 22:29:49.517528,happy
2026-03-04 22:29:49.650969,happy
2026-03-04 22:29:49.784557,happy
2026-03-04 22:29:49.921129,happy
2026-03-04 22:29:50.055109,neutral
2026-03-04 22:29:50.187186,happy
2026-03-04 22:29:50.323284,neutral
2026-03-04 22:29:50.474726,neutral
2026-03-04 22:29:50.625595,neutral
2026-03-04 22:29:50.752182,happy
2026-03-04 22:29:50.888208,happy
2026-03-04 22:29:51.019988,neutral
2026-03-04 22:29:51.154425,neutral
2026-03-04 22:29:51.284676,neutral
2026-03-04 22:29:51.420026,neutral
2026-03-04 22:29:51.553157,neutral
2026-03-04 22:29:51.686317,neutral
2026-03-04 22:29:51.819986,neutral
2026-03-04 22:29:51.951298,neutral
2026-03-04 22:29:52.087905,happy
2026-03-04 22:29:52.216705,happy
2026-03-04 22:29:52.357428,neutral
2026-03-04 22:29:52.483056,neutral
2026-03-04 22:29:52.630076,neutral
2026-03-04 22:29:52.750909,neutral
2026-03-04 22:29:52.890356,happy
2026-03-04 22:29:53.018372,happy
2026-03-04 22:29:53.154289,happy
2026-03-04 22:29:53.283999,happy
2026-03-04 22:29:53.422549,sad-face
2026-03-04 22:29:53.551941,neutral
2026-03-04 22:29:53.691463,sad-face
2026-03-04 22:29:53.816042,sad-face
2026-03-04 22:29:53.957936,sad-face
2026-03-04 22:29:54.087382,neutral
2026-03-04 22:29:54.217982,happy
2026-03-04 22:29:54.358088,happy
2026-03-04 22:29:54.486205,happy
2026-03-04 22:29:54.623428,neutral
2026-03-04 22:29:54.753839,happy
2026-03-04 22:29:54.886827,happy
2026-03-04 22:29:55.020931,happy
2026-03-04 22:29:55.147157,sad-face
2026-03-04 22:29:55.279116,sad-face
2026-03-04 22:29:55.436588,angry
2026-03-04 22:29:55.601577,neutral
2026-03-04 22:29:55.762642,sad-face
2026-03-04 22:29:55.886617,angry
2026-03-04 22:29:56.018580,sad-face
2026-03-04 22:29:56.153100,sad-face
2026-03-04 22:29:56.286465,sad-face
2026-03-04 22:29:56.423134,sad-face
2026-03-04 22:29:56.552502,sad-face
2026-03-04 22:29:56.687312,angry
2026-03-04 22:29:56.819488,angry
2026-03-04 22:29:56.950183,angry
2026-03-04 22:29:57.095072,angry
2026-03-04 22:29:57.218073,neutral
2026-03-04 22:29:57.357482,angry
2026-03-04 22:29:57.478481,sad-face
2026-03-04 22:29:57.635596,neutral
2026-03-04 22:29:57.801269,neutral
2026-03-04 22:29:57.977535,neutral
2026-03-04 22:29:58.135651,neutral
2026-03-04 22:29:58.301770,neutral
2026-03-04 22:29:58.472037,neutral
2026-03-04 22:29:58.636106,neutral
2026-03-04 22:29:58.801888,happy
2026-03-04 22:29:58.971970,neutral
2026-03-04 22:29:59.133531,neutral
2026-03-04 22:29:59.301166,neutral
2026-03-04 22:29:59.462984,neutral
2026-03-04 22:29:59.590353,neutral
2026-03-04 22:29:59.721915,neutral
2026-03-04 22:29:59.860504,neutral
2026-03-04 22:29:59.992778,neutral
2026-03-04 22:30:00.127462,neutral
2026-03-04 22:30:00.258135,neutral
2026-03-04 22:30:00.389554,neutral
2026-03-04 22:30:00.522070,neutral
2026-03-04 22:30:00.667148,neutral
2026-03-04 22:30:00.830876,neutral
2026-03-04 22:30:00.960977,neutral
2026-03-04 22:30:01.093822,sad-face
2026-03-04 22:30:01.227464,sad-face
2026-03-04 22:30:01.362776,sad-face
2026-03-04 22:30:01.528150,neutral
2026-03-04 22:30:01.685369,happy
2026-03-04 22:30:01.850489,happy
2026-03-04 22:30:02.007432,happy
2026-03-04 22:30:02.171227,happy
2026-03-04 22:30:02.329391,happy
2026-03-04 22:30:02.497870,happy
2026-03-04 22:30:02.642016,happy
2026-03-04 22:30:02.817063,happy
2026-03-04 22:30:02.958405,happy
2026-03-04 22:30:03.125219,happy
2026-03-04 22:30:03.290018,happy
2026-03-04 22:30:03.451255,happy
2026-03-04 22:30:03.618947,happy
2026-03-04 22:30:03.769758,happy
2026-03-04 22:30:03.936162,happy
2026-03-04 22:30:04.098288,happy
2026-03-04 22:30:04.255312,happy
2026-03-04 22:30:04.421044,happy
2026-03-04 22:30:04.581592,happy
2026-03-04 22:30:04.734588,happy
2026-03-04 22:30:04.906747,happy
2026-03-04 22:30:05.059445,neutral
2026-03-04 22:30:05.222596,neutral
2026-03-04 22:30:05.378116,neutral
2026-03-04 22:30:05.545061,neutral
2026-03-04 22:30:05.701871,neutral
2026-03-04 22:30:05.868925,neutral
2026-03-04 22:30:06.023805,neutral
2026-03-04 22:30:06.183835,neutral
2026-03-04 22:30:06.345984,happy
2026-03-04 22:30:06.496936,neutral
2026-03-04 22:30:06.662879,neutral
2026-03-04 22:30:06.821251,neutral
2026-03-04 22:30:06.992521,neutral
2026-03-04 22:30:07.158240,neutral
2026-03-04 22:30:07.331158,neutral
2026-03-04 22:30:07.500640,neutral
2026-03-04 22:30:07.659744,neutral
2026-03-04 22:30:07.825434,neutral
2026-03-04 22:30:07.990351,sad-face
2026-03-04 22:30:08.157284,neutral
2026-03-04 22:30:08.321965,neutral
2026-03-04 22:30:08.490346,neutral
2026-03-04 22:30:08.656584,neutral
2026-03-04 22:30:08.822658,sad-face
2026-03-04 22:30:08.991288,neutral
2026-03-04 22:30:09.157819,neutral
2026-03-04 22:30:09.329156,sad-face
2026-03-04 22:30:09.501794,neutral
2026-03-04 22:30:09.669739,neutral
2026-03-04 22:30:09.819247,neutral
2026-03-04 22:30:09.960419,neutral
2026-03-04 22:30:10.123013,neutral
2026-03-04 22:30:10.291389,neutral
2026-03-04 22:30:10.457552,neutral
2026-03-04 22:30:10.620892,neutral
2026-03-04 22:30:10.750338,sad-face
2026-03-04 22:30:10.877152,neutral
2026-03-04 22:30:11.016713,neutral
2026-03-04 22:30:11.147427,neutral
2026-03-04 22:30:11.279789,neutral
2026-03-04 22:30:11.414839,neutral
2026-03-04 22:30:11.547124,neutral
2026-03-04 22:30:11.680811,sad-face
2026-03-04 22:30:11.814217,sad-face
2026-03-04 22:30:11.948165,sad-face
2026-03-04 22:30:12.079073,neutral
2026-03-04 22:30:12.212329,sad-face
2026-03-04 22:30:12.345875,sad-face
2026-03-04 22:30:12.480545,neutral
2026-03-04 22:30:12.616209,angry
2026-03-04 22:30:12.749171,angry
2026-03-04 22:30:12.879279,neutral
2026-03-04 22:30:13.018645,neutral
2026-03-04 22:30:13.146024,neutral
2026-03-04 22:30:13.281785,neutral
2026-03-04 22:30:13.414474,neutral
2026-03-04 22:30:13.549330,neutral
2026-03-04 22:30:13.681085,neutral
2026-03-04 22:30:13.811467,happy
2026-03-04 22:30:13.943466,neutral
2026-03-04 22:30:14.077139,neutral
2026-03-04 22:30:14.214178,neutral
2026-03-04 22:30:14.345544,neutral
2026-03-04 22:30:14.479716,neutral
2026-03-04 22:30:14.613036,neutral
2026-03-04 22:30:14.749536,neutral
2026-03-04 22:30:14.878142,neutral
2026-03-04 22:30:15.012620,neutral
2026-03-04 22:30:15.147822,neutral
2026-03-04 22:30:15.279717,neutral
2026-03-04 22:30:15.411601,neutral
2026-03-04 22:30:15.549992,neutral
2026-03-04 22:30:15.679677,neutral
2026-03-04 22:30:15.812487,neutral
2026-03-04 22:30:15.948559,neutral
2026-03-04 22:30:16.079823,angry
2026-03-04 22:30:16.215414,neutral
2026-03-04 22:30:16.347631,angry
2026-03-04 22:30:16.479346,neutral
2026-03-04 22:30:16.612568,neutral
2026-03-04 22:30:16.742336,neutral
2026-03-04 22:30:16.878988,neutral
2026-03-04 22:30:17.013710,angry
2026-03-04 22:30:17.140294,neutral
2026-03-04 22:30:17.275712,angry
2026-03-04 22:30:17.411883,neutral
2026-03-04 22:30:17.542591,neutral
2026-03-04 22:30:17.678170,neutral
2026-03-04 22:30:17.810102,angry
2026-03-04 22:30:17.948011,neutral
2026-03-04 22:30:18.078419,neutral
2026-03-04 22:30:18.213406,neutral
2026-03-04 22:30:18.346064,angry
2026-03-04 22:30:18.478504,angry
2026-03-04 22:30:18.614287,sad-face
2026-03-04 22:30:18.748674,neutral
2026-03-04 22:30:18.874004,angry
2026-03-04 22:30:19.012942,angry
2026-03-04 22:30:19.148731,neutral
2026-03-04 22:30:19.274358,angry
2026-03-04 22:30:19.415058,angry
2026-03-04 22:30:19.543666,angry
2026-03-04 22:30:19.684621,angry
2026-03-04 22:30:19.810918,neutral
2026-03-04 22:30:19.947595,angry
2026-03-04 22:30:20.078124,angry
2026-03-04 22:30:20.210628,sad-face
2026-03-04 22:30:20.361902,neutral
2026-03-04 22:30:20.513737,sad-face
2026-03-04 22:30:20.649013,sad-face
2026-03-04 22:30:20.781739,sad-face
2026-03-04 22:30:20.907598,happy
2026-03-04 22:30:21.038712,neutral
2026-03-04 22:30:21.179248,neutral
2026-03-04 22:30:21.314204,sad-face
2026-03-04 22:30:21.447454,sad-face
2026-03-04 22:30:21.583979,happy
2026-03-04 22:30:21.712028,happy
2026-03-04 22:30:21.848748,neutral
2026-03-04 22:30:21.991812,neutral
2026-03-04 22:30:22.157959,neutral
2026-03-04 22:30:22.320323,angry
2026-03-04 22:30:22.443366,neutral
2026-03-04 22:30:22.583065,neutral
2026-03-04 22:30:22.711049,sad-face
2026-03-04 22:30:22.846407,sad-face
2026-03-04 22:30:22.980929,neutral
2026-03-04 22:30:23.112829,neutral
2026-03-04 22:30:23.246635,neutral
2026-03-04 22:30:23.374744,sad-face
2026-03-04 22:30:23.545672,sad-face
2026-03-04 22:30:23.681092,sad-face
2026-03-04 22:30:23.809943,sad-face
2026-03-04 22:30:23.946331,sad-face
2026-03-04 22:30:24.074978,neutral
2026-03-04 22:30:24.207955,sad-face
2026-03-04 22:30:24.344729,neutral
2026-03-04 22:30:24.477053,neutral
2026-03-04 22:30:24.624420,neutral
2026-03-04 22:30:24.800812,neutral
2026-03-04 22:30:24.963012,neutral
2026-03-04 22:30:25.140512,neutral
2026-03-04 22:30:25.299743,neutral
2026-03-04 22:30:25.460872,neutral
2026-03-04 22:30:25.632323,neutral
2026-03-04 22:30:25.791712,sad-face
2026-03-04 22:30:25.973964,neutral
2026-03-04 22:30:26.138957,sad-face
2026-03-04 22:30:26.304354,neutral
2026-03-04 22:30:26.473652,neutral
2026-03-04 22:30:26.636962,neutral
2026-03-04 22:30:26.824304,neutral
2026-03-04 22:30:26.995916,angry
2026-03-04 22:30:27.161763,angry
2026-03-04 22:30:27.318959,angry
2026-03-04 22:30:27.461728,angry
2026-03-04 22:30:27.620026,neutral
2026-03-04 22:30:27.786733,neutral
2026-03-04 22:30:27.954857,neutral
2026-03-04 22:30:28.137136,neutral
2026-03-04 22:30:28.302361,sad-face
2026-03-04 22:30:28.469063,neutral
2026-03-04 22:30:28.634938,sad-face
2026-03-04 22:30:28.807827,sad-face
2026-03-04 22:30:28.964500,sad-face
2026-03-04 22:30:29.143733,neutral
2026-03-04 22:30:29.299659,sad-face
2026-03-04 22:30:29.474313,neutral
2026-03-04 22:30:29.633351,sad-face
2026-03-04 22:30:29.806816,sad-face
2026-03-04 22:30:29.963528,neutral
2026-03-04 22:30:30.135704,neutral
2026-03-04 22:30:30.307202,angry
2026-03-04 22:30:30.467008,angry
2026-03-04 22:30:30.643468,angry
2026-03-04 22:30:30.797079,angry
2026-03-04 22:30:30.965510,angry
2026-03-04 22:30:31.132495,angry
2026-03-04 22:30:31.305619,sad-face
2026-03-04 22:30:31.466530,sad-face
2026-03-04 22:30:31.623378,sad-face
2026-03-04 22:30:31.793698,happy
2026-03-04 22:30:31.963271,happy
2026-03-04 22:30:32.119996,neutral
2026-03-04 22:30:32.248171,neutral
2026-03-04 22:30:32.386918,sad-face
2026-03-04 22:30:32.517119,sad-face
2026-03-04 22:30:32.650850,neutral
2026-03-04 22:30:32.778347,sad-face
2026-03-04 22:30:32.909530,sad-face
2026-03-04 22:30:33.051591,sad-face
2026-03-04 22:30:33.179486,sad-face
2026-03-04 22:30:33.317020,sad-face
2026-03-04 22:30:33.445840,sad-face
2026-03-04 22:30:33.587181,happy
2026-03-04 22:30:33.713387,sad-face
2026-03-04 22:30:33.839703,angry
2026-03-04 22:30:33.984364,happy
2026-03-04 22:30:34.107051,happy
2026-03-04 22:30:34.246528,happy
2026-03-04 22:30:34.373824,sad-face
2026-03-04 22:30:34.515988,happy
2026-03-04 22:30:34.640862,neutral
2026-03-04 22:30:34.781212,happy
2026-03-04 22:30:34.908303,neutral
2026-03-04 22:30:35.051356,happy
2026-03-04 22:30:35.175242,happy
2026-03-04 22:30:35.314002,neutral
2026-03-04 22:30:35.442421,happy
2026-03-04 22:30:35.587364,happy
2026-03-04 22:30:35.711198,neutral
2026-03-04 22:30:35.845797,neutral
2026-03-04 22:30:35.979002,happy
2026-03-04 22:30:36.112779,happy
2026-03-04 22:30:36.247804,happy
2026-03-04 22:30:36.379696,happy
2026-03-04 22:30:36.509637,happy
2026-03-04 22:30:36.646826,happy
2026-03-04 22:30:36.778802,happy
2026-03-04 22:30:36.910653,happy
2026-03-04 22:30:37.045599,neutral
2026-03-04 22:30:37.177768,sad-face
2026-03-04 22:30:37.318622,sad-face
2026-03-04 22:30:37.451135,sad-face
2026-03-04 22:30:37.580182,neutral
2026-03-04 22:30:37.714292,neutral
2026-03-04 22:30:37.846440,neutral
2026-03-04 22:30:37.979730,neutral
2026-03-04 22:30:38.113604,neutral
2026-03-04 22:30:38.246533,neutral
2026-03-04 22:30:38.381855,neutral
2026-03-04 22:30:38.512582,happy
2026-03-04 22:30:38.644751,happy
2026-03-04 22:30:38.779407,sad-face
2026-03-04 22:30:38.913668,happy
2026-03-04 22:30:39.048275,happy
2026-03-04 22:30:39.181673,happy
2026-03-04 22:30:39.311683,sad-face
2026-03-04 22:30:39.447074,happy
2026-03-04 22:30:39.577124,happy
2026-03-04 22:30:39.718748,happy
2026-03-04 22:30:39.845267,sad-face
2026-03-04 22:30:39.974952,happy
2026-03-04 22:30:40.115424,happy
2026-03-04 22:30:40.245071,happy
2026-03-04 22:30:40.377024,angry
2026-03-04 22:30:40.510829,sad-face
2026-03-04 22:30:40.644889,angry
2026-03-04 22:30:40.780798,neutral
2026-03-04 22:30:40.913706,happy
2026-03-04 22:30:41.047185,happy
2026-03-04 22:30:41.179293,happy
2026-03-04 22:30:41.313425,happy
2026-03-04 22:30:41.446838,neutral
2026-03-04 22:30:41.582318,neutral
2026-03-04 22:30:41.714302,neutral
2026-03-04 22:30:41.846379,happy
2026-03-04 22:30:41.989954,happy
2026-03-04 22:30:42.108967,happy
2026-03-04 22:30:42.249784,happy
2026-03-04 22:30:42.378074,happy
2026-03-04 22:30:42.515036,happy
2026-03-04 22:30:42.642863,happy
2026-03-04 22:30:42.777011,neutral
2026-03-04 22:30:42.904043,neutral
2026-03-04 22:30:43.058551,sad-face
2026-03-04 22:30:43.186028,sad-face
2026-03-04 22:30:43.323494,happy
2026-03-04 22:30:43.492991,happy
2026-03-04 22:30:43.647486,sad-face
2026-03-04 22:30:43.775575,sad-face
2026-03-04 22:30:43.913679,sad-face
2026-03-04 22:30:44.044924,sad-face
2026-03-04 22:30:44.174845,neutral
2026-03-04 22:30:44.311591,neutral
2026-03-04 22:30:44.457064,sad-face
2026-03-04 22:30:44.584639,sad-face
2026-03-04 22:30:44.713505,angry
2026-03-04 22:30:44.847492,sad-face
2026-03-04 22:30:44.978082,neutral
2026-03-04 22:30:45.107679,neutral
2026-03-04 22:30:45.246630,happy
2026-03-04 22:30:45.370698,happy
2026-03-04 22:30:45.510978,happy
2026-03-04 22:30:45.640081,happy
2026-03-04 22:30:45.780815,happy
2026-03-04 22:30:45.907037,happy
2026-03-04 22:30:46.050694,happy
2026-03-04 22:30:46.180898,happy
2026-03-04 22:30:46.312144,sad-face
2026-03-04 22:30:46.446769,sad-face
2026-03-04 22:30:46.572820,happy
2026-03-04 22:30:46.711299,neutral
2026-03-04 22:30:46.842868,happy
2026-03-04 22:30:46.982853,happy
2026-03-04 22:30:47.110164,happy
2026-03-04 22:30:47.249843,happy
2026-03-04 22:30:47.377614,happy
2026-03-04 22:30:47.509345,happy
2026-03-04 22:30:47.645287,sad-face
2026-03-04 22:30:47.777112,happy
2026-03-04 22:30:47.908103,happy
2026-03-04 22:30:48.042874,neutral
2026-03-04 22:30:48.175024,happy
2026-03-04 22:30:48.317827,neutral
2026-03-04 22:30:48.443045,neutral
2026-03-04 22:30:48.582102,sad-face
2026-03-04 22:30:48.712350,happy
2026-03-04 22:30:48.845106,happy
2026-03-04 22:30:48.981336,happy
2026-03-04 22:30:49.109243,angry
2026-03-04 22:30:49.250817,happy
2026-03-04 22:30:49.377036,happy
2026-03-04 22:30:49.509988,happy
2026-03-04 22:30:49.647773,happy
2026-03-04 22:30:49.781740,happy
2026-03-04 22:30:49.914383,happy
2026-03-04 22:30:50.045964,happy
2026-03-04 22:30:50.187390,sad-face
2026-03-04 22:30:50.314821,happy
2026-03-04 22:30:50.447263,happy
2026-03-04 22:30:50.582151,happy
2026-03-04 22:30:50.712864,happy
2026-03-04 22:30:50.848764,happy
2026-03-04 22:30:50.980931,happy
2026-03-04 22:30:51.112302,happy
2026-03-04 22:30:51.245968,happy
2026-03-04 22:30:51.377225,happy
2026-03-04 22:30:51.518888,happy
2026-03-04 22:30:51.642580,happy
2026-03-04 22:30:51.773310,happy
2026-03-04 22:30:51.909014,happy
2026-03-04 22:30:52.045419,happy
2026-03-04 22:30:52.178773,sad-face
2026-03-04 22:30:52.310791,happy
2026-03-04 22:30:52.449142,sad-face
2026-03-04 22:30:52.577607,happy
2026-03-04 22:30:52.718115,happy
2026-03-04 22:30:52.842840,happy
2026-03-04 22:30:52.991572,happy
2026-03-04 22:30:53.147355,neutral
2026-03-04 22:30:53.276826,happy
2026-03-04 22:30:53.426066,neutral
2026-03-04 22:30:53.599105,neutral
2026-03-04 22:30:53.760147,neutral
2026-03-04 22:30:53.927160,neutral
2026-03-04 22:30:54.111118,neutral
2026-03-04 22:30:54.268199,neutral
2026-03-04 22:30:54.436304,neutral
2026-03-04 22:30:54.599109,neutral
2026-03-04 22:30:54.773883,neutral
2026-03-04 22:30:54.937309,neutral
2026-03-04 22:30:55.102026,happy
2026-03-04 22:30:55.266617,happy
2026-03-04 22:30:55.436698,happy
2026-03-04 22:30:55.601406,happy
2026-03-04 22:30:55.768553,happy
2026-03-04 22:30:55.937555,happy
2026-03-04 22:30:56.106812,happy
2026-03-04 22:30:56.276973,happy
2026-03-04 22:30:56.426506,happy
2026-03-04 22:30:56.606247,neutral
2026-03-04 22:30:56.765553,sad-face
2026-03-04 22:30:56.914838,neutral
2026-03-04 22:30:57.054321,neutral
2026-03-04 22:30:57.187472,neutral
2026-03-04 22:30:57.317862,angry
2026-03-04 22:30:57.446485,happy
2026-03-04 22:30:57.585265,happy
2026-03-04 22:30:57.723586,neutral
2026-03-04 22:30:57.851022,sad-face
2026-03-04 22:30:57.989294,neutral
2026-03-04 22:30:58.121446,neutral
2026-03-04 22:30:58.255287,neutral
2026-03-04 22:30:58.389617,neutral
2026-03-04 22:30:58.529101,happy
2026-03-04 22:30:58.695894,happy
2026-03-04 22:30:58.880357,happy
2026-03-04 22:30:59.023258,happy
2026-03-04 22:30:59.154115,happy
2026-03-04 22:30:59.297454,happy
2026-03-04 22:30:59.468959,neutral
2026-03-04 22:30:59.639400,sad-face
2026-03-04 22:30:59.797805,sad-face
2026-03-04 22:30:59.968950,neutral
2026-03-04 22:31:00.136889,happy
2026-03-04 22:31:00.308184,happy
2026-03-04 22:31:00.473114,sad-face
2026-03-04 22:31:00.645487,sad-face
2026-03-04 22:31:00.804988,neutral
2026-03-04 22:31:00.972089,neutral
2026-03-04 22:31:01.133983,neutral
2026-03-04 22:31:01.284954,neutral
2026-03-04 22:31:01.412732,sad-face
2026-03-04 22:31:01.553355,sad-face
2026-03-04 22:31:01.687383,sad-face
2026-03-04 22:31:01.822585,neutral
2026-03-04 22:31:01.956813,neutral
2026-03-04 22:31:02.090295,neutral
2026-03-04 22:31:02.226201,neutral
2026-03-04 22:31:02.407643,neutral
2026-03-04 22:31:02.575818,neutral
2026-03-04 22:31:02.734653,neutral
2026-03-04 22:31:02.900366,neutral
2026-03-04 22:31:03.073425,neutral
2026-03-04 22:31:03.237661,neutral
2026-03-04 22:31:03.407872,neutral
2026-03-04 22:31:03.578006,neutral
2026-03-04 22:31:03.735492,neutral
2026-03-04 22:31:03.910095,neutral
2026-03-04 22:31:04.077189,neutral
2026-03-04 22:31:04.237102,neutral
2026-03-04 22:31:04.409162,neutral
2026-03-04 22:31:04.570493,neutral
2026-03-04 22:31:04.741718,neutral
2026-03-04 22:31:04.901876,neutral
2026-03-04 22:31:05.075317,neutral
2026-03-04 22:31:05.231618,neutral
2026-03-04 22:31:05.405288,neutral
2026-03-04 22:31:05.566084,neutral
2026-03-04 22:31:05.728999,happy
2026-03-04 22:31:05.902213,neutral
2026-03-04 22:31:06.061148,neutral
2026-03-04 22:31:06.233592,neutral
2026-03-04 22:31:06.394127,sad-face
2026-03-04 22:31:06.571180,happy
2026-03-04 22:31:06.742657,happy
2026-03-04 22:31:06.899104,neutral
2026-03-04 22:31:07.072835,happy
2026-03-04 22:31:07.241982,neutral
2026-03-04 22:31:07.397767,neutral
2026-03-04 22:31:07.572943,neutral
2026-03-04 22:31:07.744024,neutral
2026-03-04 22:31:07.897010,neutral
2026-03-04 22:31:08.070125,neutral
2026-03-04 22:31:08.224878,angry
2026-03-04 22:31:08.405028,angry
2026-03-04 22:31:08.559640,happy
2026-03-04 22:31:08.735008,happy
2026-03-04 22:31:08.893398,happy
2026-03-04 22:31:09.022236,angry
2026-03-04 22:31:09.153688,neutral
2026-03-04 22:31:09.286969,angry
2026-03-04 22:31:09.412325,angry
2026-03-04 22:31:09.550115,neutral
2026-03-04 22:31:09.680395,sad-face
2026-03-04 22:31:09.815133,sad-face
2026-03-04 22:31:09.958524,sad-face
2026-03-04 22:31:10.130573,sad-face
2026-03-04 22:31:10.296821,sad-face
2026-03-04 22:31:10.467357,sad-face
2026-03-04 22:31:10.636192,sad-face
2026-03-04 22:31:10.804150,sad-face
2026-03-04 22:31:10.969839,sad-face
2026-03-04 22:31:11.130653,sad-face
2026-03-04 22:31:11.298936,neutral
2026-03-04 22:31:11.464338,sad-face
2026-03-04 22:31:11.632096,neutral
2026-03-04 22:31:11.795478,neutral
2026-03-04 22:31:11.965777,angry
2026-03-04 22:31:12.136266,sad-face
2026-03-04 22:31:12.295775,neutral
2026-03-04 22:31:12.457207,neutral
2026-03-04 22:31:12.579354,neutral
2026-03-04 22:31:12.718280,happy
2026-03-04 22:31:12.845358,happy
2026-03-04 22:31:12.986717,neutral
2026-03-04 22:31:13.119633,sad-face
2026-03-04 22:31:13.250170,neutral
2026-03-04 22:31:13.390195,neutral
2026-03-04 22:31:13.517722,neutral
2026-03-04 22:31:13.651674,neutral
2026-03-04 22:31:13.786061,neutral
2026-03-04 22:31:13.920477,neutral
2026-03-04 22:31:14.053556,neutral
2026-03-04 22:31:14.185574,neutral
2026-03-04 22:31:14.320625,neutral
2026-03-04 22:31:14.452702,neutral
2026-03-04 22:31:14.587736,happy
2026-03-04 22:31:14.716897,sad-face
2026-03-04 22:31:14.866685,happy
2026-03-04 22:31:15.037479,happy
2026-03-04 22:31:15.196969,sad-face
2026-03-04 22:31:15.358920,happy
2026-03-04 22:31:15.530636,neutral
2026-03-04 22:31:15.715466,sad-face
2026-03-04 22:31:15.863560,happy
2026-03-04 22:31:16.037307,happy
2026-03-04 22:31:16.204372,happy
2026-03-04 22:31:16.370638,happy
2026-03-04 22:31:16.542342,sad-face
2026-03-04 22:31:16.703858,happy
2026-03-04 22:31:16.867033,sad-face
2026-03-04 22:31:17.033886,sad-face
2026-03-04 22:31:17.192965,neutral
2026-03-04 22:31:17.326861,happy
2026-03-04 22:31:17.501061,neutral
2026-03-04 22:31:17.664619,neutral
2026-03-04 22:31:17.826145,happy
2026-03-04 22:31:17.948546,happy
2026-03-04 22:31:18.086714,happy
2026-03-04 22:31:18.219076,happy
2026-03-04 22:31:18.352687,happy
2026-03-04 22:31:18.478250,neutral
2026-03-04 22:31:18.625408,happy
2026-03-04 22:31:18.751353,happy
2026-03-04 22:31:18.890334,happy
2026-03-04 22:31:19.017875,happy
2026-03-04 22:31:19.159825,neutral
2026-03-04 22:31:19.290184,neutral
2026-03-04 22:31:19.421865,sad-face
2026-03-04 22:31:19.548334,happy
2026-03-04 22:31:19.693462,sad-face
2026-03-04 22:31:19.823738,sad-face
2026-03-04 22:31:19.955271,sad-face
2026-03-04 22:31:20.088077,sad-face
2026-03-04 22:31:20.220670,sad-face
2026-03-04 22:31:20.359699,neutral
2026-03-04 22:31:20.491278,neutral
2026-03-04 22:31:20.620733,neutral
2026-03-04 22:31:20.757750,neutral
2026-03-04 22:31:20.887125,neutral
2026-03-04 22:31:21.020390,sad-face
2026-03-04 22:31:21.153411,neutral
2026-03-04 22:31:21.289260,sad-face
2026-03-04 22:31:21.422372,neutral
2026-03-04 22:31:21.557030,neutral
2026-03-04 22:31:21.691949,neutral
2026-03-04 22:31:21.821440,neutral
2026-03-04 22:31:21.956484,neutral
2026-03-04 22:31:22.086955,neutral
2026-03-04 22:31:22.220843,neutral
2026-03-04 22:31:22.354611,neutral
2026-03-04 22:31:22.490427,neutral
2026-03-04 22:31:22.620915,neutral
2026-03-04 22:31:22.755813,happy
2026-03-04 22:31:22.889733,sad-face
2026-03-04 22:31:23.022898,sad-face
2026-03-04 22:31:23.152963,sad-face
2026-03-04 22:31:23.294515,sad-face
2026-03-04 22:31:23.467958,sad-face
2026-03-04 22:31:23.634390,sad-face
2026-03-04 22:31:23.806562,sad-face
2026-03-04 22:31:23.970266,happy
2026-03-04 22:31:24.129750,neutral
2026-03-04 22:31:24.312338,neutral
2026-03-04 22:31:24.461986,neutral
2026-03-04 22:31:24.626184,neutral
2026-03-04 22:31:24.748398,neutral
2026-03-04 22:31:24.893750,sad-face
2026-03-04 22:31:25.014946,neutral
2026-03-04 22:31:25.155377,neutral
2026-03-04 22:31:25.281613,neutral
2026-03-04 22:31:25.422057,neutral
2026-03-04 22:31:25.554240,sad-face
2026-03-04 22:31:25.695580,sad-face
2026-03-04 22:31:25.815155,neutral
2026-03-04 22:31:25.959625,sad-face
2026-03-04 22:31:26.091360,sad-face
2026-03-04 22:31:26.223657,neutral
2026-03-04 22:31:26.360946,sad-face
2026-03-04 22:31:26.535339,sad-face
2026-03-04 22:31:26.686612,sad-face
2026-03-04 22:31:26.821385,sad-face
2026-03-04 22:31:26.958711,sad-face
2026-03-04 22:31:27.087010,sad-face
2026-03-04 22:31:27.222257,sad-face
2026-03-04 22:31:27.358788,sad-face
2026-03-04 22:31:27.488924,sad-face
